{"cameraMode":{"drawMode":0,"name":"Shaded","section":"Shading Mode"},"sceneLighting":true,"audioPlay":false,"sceneViewState":{"m_AlwaysRefresh":false,"showFog":true,"showSkybox":true,"showFlares":true,"showImageEffects":true,"showParticleSystems":true,"showVisualEffectGraphs":true,"m_FxEnabled":true},"in2DMode":false,"pivot":{"x":366.72845458984377,"y":198.5773162841797,"z":91.51362609863281},"rotation":{"x":0.10361798107624054,"y":-0.009268180467188359,"z":0.0009718567598611116,"w":0.9945791363716126},"size":390.8523254394531,"orthographic":false}